{
  "properties": {
    "connectionReferences": {
      "shared_sharepointonline": {
        "runtimeSource": "embedded",
        "connection": {
          "connectionReferenceLogicalName": "pub_sharedsharepointonline_c466c"
        },
        "api": {
          "name": "shared_sharepointonline"
        }
      }
    },
    "definition": {
      "$schema": "https://schema.management.azure.com/providers/Microsoft.Logic/schemas/2016-06-01/workflowdefinition.json#",
      "contentVersion": "1.0.0.0",
      "parameters": {
        "$connections": {
          "defaultValue": {},
          "type": "Object"
        },
        "$authentication": {
          "defaultValue": {},
          "type": "SecureObject"
        },
        "devSite (dev_devSite)": {
          "defaultValue": "https://3p48cy.sharepoint.com/sites/saointranet",
          "type": "String",
          "metadata": {
            "schemaName": "dev_devSite"
          }
        },
        "devList (dev_devList)": {
          "defaultValue": "ef11ca7f-c293-4836-af4f-96942189d6ff",
          "type": "String",
          "metadata": {
            "schemaName": "dev_devList"
          }
        }
      },
      "triggers": {
        "When_an_item_is_created": {
          "recurrence": {
            "interval": 1,
            "frequency": "Minute"
          },
          "splitOn": "@triggerOutputs()?['body/value']",
          "metadata": {
            "operationMetadataId": "a743efec-ce17-4961-bf01-04c8f409e31e"
          },
          "type": "OpenApiConnection",
          "inputs": {
            "host": {
              "connectionName": "shared_sharepointonline",
              "operationId": "GetOnNewItems",
              "apiId": "/providers/Microsoft.PowerApps/apis/shared_sharepointonline"
            },
            "parameters": {
              "dataset": "@parameters('devSite (dev_devSite)')",
              "table": "@parameters('devList (dev_devList)')"
            },
            "authentication": "@parameters('$authentication')"
          }
        }
      },
      "actions": {
        "Initialize_variable": {
          "runAfter": {},
          "metadata": {
            "operationMetadataId": "84690352-8593-41a4-ac82-0ae441a1a788"
          },
          "type": "InitializeVariable",
          "inputs": {
            "variables": [
              {
                "name": "varTemp",
                "type": "string",
                "value": "Test"
              }
            ]
          }
        }
      },
      "outputs": {}
    },
    "templateName": ""
  },
  "schemaVersion": "1.0.0.0"
}